lat,long
19.2658532425216,-99.1658309175925
19.358566895857603,-99.2315845002375
19.3264961005641,-99.104204400184
19.295514423566,-99.006112507062
19.327307583794997,-98.9765958103246
19.1902780758593,-99.02311049000791
19.463360611004802,-99.19486492544429
19.384031719094,-99.0344912776556
19.483406833861398,-99.1883643146307
19.505770708382197,-99.08805631229349
19.4452315972237,-99.1361095996885
19.2058875127838,-99.0715340346283
19.3514562034599,-99.0946894244236
19.2268637040835,-98.96507469871429
19.3805776494207,-99.0682125095443
19.3986570010837,-99.1962639601206
19.2560549990704,-99.122269080189
19.433612031866602,-99.13721050964891
19.5207822124888,-99.1616126696244
19.3642269126041,-99.0677116099984
19.5357930978711,-99.14111839972941
19.5435048978294,-99.1253078995551
19.5213123684567,-99.159361090804
19.514534951160396,-99.13831676780791
19.5185135113493,-99.15363667633899
19.3963678334561,-99.05371426962891
19.311486252160698,-99.1205580635639
19.4846890960088,-99.0683180001433
19.3857966993038,-99.1165471002103
19.3942106025595,-99.2082927999583
19.244883458164,-99.08554903867409
19.430379978736,-99.1002479202297
19.3552682272153,-99.06163170993669
19.3366443557255,-99.00296131362259
19.280553336065303,-99.11160969214329
19.3298371781161,-99.02760095416309
19.345829312757303,-99.0524002199672
19.4166316765073,-99.0618511995931
19.402954089395,-99.1699688993079
19.402954089395,-99.1699688993079
19.4212108957766,-99.1495657999825
19.378437279337103,-99.1439188806711
19.3560981394446,-99.1473936701515
19.3278280066081,-99.058138636227
19.498686309885198,-99.10067259997308
19.373088662878498,-99.2122569064383
19.3860269670318,-99.0430145230432
19.503044849864303,-99.1277548700101
19.4308811478098,-99.12562787956541
19.327248607558,-99.1663069304033
19.368229732658502,-99.1109655157118
19.390182211547998,-99.214358569776
19.487163692349398,-99.0969516383827
19.367484328636,-99.2990180148851
19.2780046024716,-99.11703780021841
19.446828479805898,-99.1250542199193
19.279091098649303,-99.2114233999815
19.4086399987596,-99.06106760013529
19.3969266737045,-99.19511437363029
19.3447034961699,-99.1110839531255
19.3853059989037,-99.1434366000378
19.3568677366686,-99.1250690804073
19.414149903908104,-99.12712149959489
19.3298084317301,-99.162802399842
19.4332275903637,-99.1666227831888
19.3961681302438,-99.18115943971641
19.209797487493102,-99.1965944303277
19.386429003731102,-99.1448333003989
19.2831314998021,-99.20394553001309
19.264345769824104,-99.1651506701462
19.3222719164536,-99.14748072963059
19.2429377023465,-99.1168293209681
19.437892096645697,-99.1412825895258
19.430766596483398,-99.0949447999703
19.362409470959697,-99.242884669944
19.440628341356398,-99.1684873996257
19.381513829217102,-99.22156960038141
19.4233119979996,-99.08931850011308
19.518194746135197,-99.155348079517
19.355189600334302,-99.2032965000078
19.3300687956527,-99.0612218996867
19.2113794006865,-99.000761700288
19.2841099335441,-99.03555000717571
19.357817800306197,-99.0543446996138
19.3090477029315,-99.03491689971649
19.507267979531,-99.09054503354379
19.402704054999898,-99.17810529507629
19.366682800723396,-99.06201500045358
19.418369498923198,-99.1446389007176
19.483457732656802,-99.09250041910092
19.3182979963641,-99.0609099997246
19.505608498568197,-99.1002354997525
19.417902098998802,-99.0939996006193
19.2674644582431,-99.17081544993161
19.3947617856365,-99.10645455020381
19.4573939987666,-99.2093200014455
19.499080399929,-99.2062248013403
19.3918661015691,-99.09352269984001
19.2183729970053,-98.9893716002035
19.260125340869898,-99.117431040441
19.2464855963502,-98.9957158000209
19.260957889377398,-99.1171574605418
19.4522374954122,-99.18323990153
19.4556486007745,-99.1422717010566
19.2795066958559,-99.2123075016152
19.2842255554662,-99.0405529415815
19.456790655892103,-99.1489076602072
19.3359141203679,-99.11433555012479
19.429036668235103,-99.0665566896638
19.3814681093082,-99.20190856186942
19.310770032383,-99.1509315010452
19.303165624052898,-99.122989669954
19.359919431944302,-99.0499560498084
19.4753628428458,-99.1576212607419
19.3989073974323,-99.11862620002908
19.3842113359116,-99.1177340526088
19.388868276472603,-99.1053603818359
19.4930160017292,-99.0943598998601
19.5244006338889,-99.14597867755171
19.297775646513397,-99.1313299838197
19.4632448840792,-99.05899436167401
19.2516243702697,-99.0026835167853
19.342025892757896,-99.00860029829701
19.492732100409,-99.1479035002894
19.2970590008947,-99.0759497004564
19.269372312584103,-99.11224969008671
19.3454788534393,-99.2306565394365
19.412445803633698,-99.1418665008288
19.3983885316995,-99.0736433843143
19.3627939979509,-99.09349889976392
19.4040763377303,-99.20535447297328
19.359359803779302,-99.03138469991029
19.3525237330571,-99.2406125224669
19.4635961890549,-99.1502109909643
19.3315950826735,-99.03090721582
19.3263913419986,-99.15454591768541
19.273923581245302,-99.1830803526883
19.4456786227388,-99.0981804404471
19.3244935824376,-99.09915181929621
19.412445803633698,-99.1418665008288
19.4024548438021,-99.16963041117909
19.492965430451697,-99.0943062560647
19.4199659962531,-99.15903400122791
19.4590306007601,-99.1074484846611
19.4446234411438,-99.12209463242279
19.523022768769,-99.15396398329392
19.4196926981156,-99.1560364011152
19.4274412092027,-99.0561634682152
19.446376425716398,-99.11628070992691
19.327778540049103,-99.06561077025151
19.4187368291335,-99.0717259157205
19.3652869990828,-99.1491290007407
19.331699500188503,-99.2681368038851
19.283388102531397,-99.0550356997212
19.3483334801508,-99.11076508066499
19.425310702342,-99.13712479900049
19.3570803110753,-99.115177990093
19.3819215287076,-99.11560759061459
19.2591886959523,-99.0844066004666
19.343221519097103,-99.0223834101647
19.4433489619829,-99.17534324492429
19.2748769627281,-99.2104236823304
19.5177436955309,-99.16133212759328
19.3351829253363,-99.0346603332436
19.373613395278603,-99.26390224393829
19.373613395278603,-99.26390224393829
19.373613395278603,-99.26390224393829
19.3508692954052,-99.0267661999073
19.4082789748053,-99.1119643023165
19.289077614349,-99.23320287717921
19.4809133726772,-99.0787937017778
19.396517397834398,-99.1194004999901
19.4052129162106,-99.16381700184691
19.4884599327796,-99.1641058110216
19.385556997827198,-99.08526000035191
19.4685724195902,-99.0864270017569
19.4831241955807,-99.08663610021601
19.434962531542197,-99.13277216374279
19.3558574675925,-99.1576658650282
19.4744371698878,-99.17259070013658
19.2764664014748,-99.18292700155621
19.4427113314344,-99.14068249148809
19.297286170831303,-99.2633300576708
19.2974997963926,-99.04050461982621
19.4572205868948,-99.181517961606
19.35332227335,-99.2167815498696
19.3191205026858,-99.10903378578779
19.3867303307817,-99.2113328841886
19.399692603525697,-99.1954027148534
19.5467904986447,-99.14114130018991
19.3485146998017,-99.26961510387551
19.403872469721,-99.18688382956171
19.348547401538397,-99.0377083001067
19.2975554008293,-99.0759851003189
19.410731431183397,-99.13370885021129
19.4664493004806,-99.1282396700742
19.4406488522662,-99.0941478833349
19.3637556918439,-99.050266739974
19.4375415412138,-99.1314948193578
19.3211447064135,-99.1644550646714
19.2911044008642,-99.052758752592
19.369482351755398,-99.03205059101481
19.3942477385635,-99.1004943659007
19.248721275694002,-98.9948843641428
19.352379903054,-99.0805944005377
19.4208675871233,-99.1205049177514
19.3736066005208,-99.12464120075191
19.3598003532161,-99.10548415026649
19.3594493056338,-99.0895567213645
19.4938688124525,-99.1439820452908
19.437392999075197,-99.13094080091949
19.238682397326397,-99.1106047007259
19.3442210996954,-99.11666850056992
19.4190281968573,-99.198478901334
19.4558699033118,-99.1964277011034
19.4451478841372,-99.1197436473772
19.5170485016852,-99.1307205002985
19.334795496452998,-99.001003900427
19.334795496452998,-99.001003900427
19.371831698415,-99.1877287010685
19.4790161978929,-99.2160833020612
19.330361537321,-98.9718846378084
19.2536687989525,-99.1726141010698
19.495151688823398,-99.0977986527421
19.4657858108806,-99.11636598494309
19.3401671031423,-99.0658943997534
19.2953052996537,-99.0433806997733
19.2995403739432,-99.15166809202249
19.415739608746897,-99.17844564888229
19.3744630383501,-99.0651891101007
19.3713857219335,-99.22166023762252
19.3306594011861,-99.08178730043551
19.286211659309,-99.1169378314246
19.493904619393998,-99.17744443556971
19.320911443869697,-99.1517875206737
19.2625848772663,-99.1198487235017
19.3123517474461,-99.0506240274357
19.2111838490677,-99.00003432956119
19.3750565970108,-99.27385440387829
19.3038087684732,-99.2518164301709
19.4512725853398,-99.1852670358469
19.366517196338698,-99.1396676009687
19.291894840144803,-99.04516821352921
19.3734679987387,-99.2247329020307
19.378423160674398,-99.01769117987709
19.2805632985279,-99.1117223005871
19.41015953046,-99.06693231478529
19.454008150838398,-99.13630111915079
19.305840898543,-99.070049199799
19.393088561468698,-99.1241658096703
19.390740639854897,-99.08670700058408
19.2901641159548,-99.0706734779923
19.344633597141897,-99.13879613773929
19.497260502126103,-99.1188313613158
19.4728116114718,-99.09428005241509
19.3672641964803,-99.2203330022582
19.2588570816378,-99.10186174867121
19.4206481615464,-99.0853998124169
19.3486890665742,-99.0823887687763
19.338274991110197,-99.22088844817881
19.291047607549697,-99.0540341291712
19.3098640012602,-99.15570780046292
19.403486376891,-99.2051549310498
19.4456485936252,-99.1054251369444
19.3071919993732,-99.0691391546795
19.466247950797502,-99.081182241052
19.272027616038198,-99.1618475310636
19.3377464878498,-99.0381033701145
19.282590679196602,-99.0423479704287
19.328290114801103,-99.16225422423278
19.471418765934,-99.12230953086029
19.525768425077697,-99.1707498064018
19.3974686120199,-99.0712982383313
19.430049596134698,-99.05879370021721
19.4083010954099,-99.19654320195629
19.4731014870881,-99.16564292022859
19.479782297700602,-99.1164113000225
19.4607259403125,-99.1256379691567
19.2724771985129,-99.1009291004957
19.320056490686397,-99.2528666638052
19.4256407028822,-99.16366570064699
19.3718374002443,-99.06465740692991
19.415714741293897,-99.0689664596885
19.3281466438284,-99.0253977495685
19.468423888798,-99.12503957993731
19.5194297207621,-99.1302308802986
19.1782672831727,-99.0367604795501
19.3314169230432,-99.2483235233757
19.454489896250397,-99.15525850063179
19.3311085628652,-99.2723551149024
19.367660780599,-99.15114670924841
19.483870495769697,-99.20522350135158
19.4393425793763,-99.08257126966579
19.468295112059398,-99.1904790040412
19.4155249489575,-99.14883748053471
19.404148497555603,-99.1212487206098
19.337553472120103,-99.0165588145947
19.4602793662878,-99.18102570451009
19.3958021093984,-99.14667909783621
19.3958021093984,-99.14667909783621
19.346972574497002,-99.0758191967287
19.3804791266636,-99.147932199166
19.3439961236335,-99.0119862717948
19.443083196354397,-99.1273824002772
19.507133669960197,-99.15857448293958
19.4651261986832,-99.1386503295678
19.331438128124198,-99.08380553004021
19.411261041823,-99.0805935902166
19.2912744591768,-99.121273840102
19.449461007582,-99.0951025498418
19.46056222572,-99.0894087406332
19.4474408956197,-99.1404670007676
19.3239229021889,-99.2882606044629
19.3239229021889,-99.2882606044629
19.2904072968801,-99.2427677033735
19.306699270215002,-99.0689538761352
19.462629502698398,-99.1379575004519
19.350911254932498,-99.07474436624159
19.3163369802845,-99.12148936156471
19.3368978960415,-99.08266270052799
19.2651295016303,-98.9979579999959
19.3565580758288,-99.2416470524297
19.5046602635731,-99.2011946415691
19.3574082057933,-99.09695568758708
19.424549612823103,-99.1477029780217
19.3755342057827,-99.1665053963159
19.2927912709311,-99.018947843868
19.2489065011395,-99.01280460028549
19.3178703806617,-99.25740628358791
19.2711928863894,-99.24785254952471
19.3551626362715,-99.30597364960329
19.395127959791697,-99.1946606795109
19.509179204575,-99.20333736362049
19.3792289698411,-99.25010431840691
19.370717196893,-99.21782183864521
19.342290280964697,-98.9830331551732
19.3824326092883,-99.2093620957782
19.406358324088,-99.1552636010536
19.3516764438074,-99.02407109993608
19.3891336183577,-99.1031408635306
19.4877319040685,-99.1069860405389
19.2790910984093,-99.21142340190859
19.4600025704449,-99.0922374739744
19.325237898887,-99.0280891999762
19.3893119226295,-99.0904236068939
19.401510012324103,-99.1878242766423
19.518578996505603,-99.1391064000679
19.4425414996634,-99.1426556004544
19.4368535506403,-99.1174673737195
19.3852630024866,-99.0558079997844
19.4074182778283,-99.11818117593191
19.240028528423398,-99.11738896334421
19.312709896404897,-99.06162110029119
19.4841944992173,-99.19763900119258
19.4315212967386,-99.09850740019822
19.4853754033127,-99.0715369996558
19.3574170759955,-99.02649052134458
19.4200531307625,-99.07034834963551
19.4093099640407,-99.1286585508345
19.4253960098589,-99.10050161000049
19.3374752040274,-99.0591445490283
19.296369933519603,-99.057421064066
19.494981449403898,-99.1198491360253
19.316028856456896,-99.26330388389341
19.4335373269399,-99.09404184998529
19.382078445448602,-99.217491451805
19.421208163020697,-99.12867584171991
19.336644045091397,-99.21154164964099
19.2847413030334,-99.2372625027166
19.5189252956535,-99.1590132008053
19.415963695181897,-99.0663837995914
19.2334586027568,-99.1929809015302
19.3136656105946,-99.26812020471779
19.311542814255898,-99.0683586831926
19.4471978202251,-99.0902772833394
19.4212525508047,-99.1401934644978
19.4525284027097,-99.1824603012301
19.3023006625052,-99.1348702085746
19.4530956972032,-99.1568563007548
19.3190959446787,-99.2635474517021
19.392925338249302,-99.13630588058341
19.5532169801975,-99.1512395023711
19.3394897238475,-99.1988972412747
19.3456907456435,-99.1720368014703
19.4557540005572,-99.06963630023328
19.1828448549239,-99.061174166617
19.3452474608303,-99.1241888318352
19.399054274300898,-99.0755985542539
19.2182680012776,-99.0935056003002
19.548476317594897,-99.1319635660605
19.4965065952384,-99.07753819993209
19.4426144848422,-99.2050013330225
19.455781296121,-99.1799119013396
19.2706969401186,-99.1526452369754
19.4727563039252,-99.0776061004248
19.186370759529897,-99.0732728477243
19.2505496998729,-99.158387200707
19.294143696301102,-99.24600660274142
19.477078265285897,-99.1480750334935
19.3405282179331,-99.13388070440209
19.4847377568709,-99.1919100241866
19.372698676232396,-99.2281454819804
19.5138562112234,-99.16045961436821
19.361306337541198,-99.1514504007606
19.4397118494391,-99.0961879505488
19.2774964956793,-99.0068795997728
19.4245325104679,-99.1477077596543
19.396409522307803,-99.1377363927863
19.3139279251271,-99.25112486368108
19.3512338836112,-99.3198857656447
19.347026802917,-99.1087341006195
19.3783333263801,-99.12559839950208
19.3477421305937,-99.12632343745291
19.4600267028141,-99.1361427000695
19.257886032969502,-99.07998103183071
19.388824945364398,-99.20613974204771
19.3849326896184,-99.1419117003173
19.428230636240198,-99.132710065286
19.446069801685,-99.14093622821208
19.3168387727339,-99.0832283840675
19.485635665087198,-99.17811558153221
19.3558584233925,-99.2318121859692
19.3763616059064,-99.05792209107392
19.3079552788258,-99.03822688481941
19.477491115499,-99.20192528167341
19.3177755956334,-99.0588591997209
19.361983398008498,-99.0219911996051
19.4961720987342,-99.0720099003442
19.2721517902182,-99.1837322380574
19.3214241022182,-99.0267093003981
19.3520573353941,-99.30130421267721
19.4427912038476,-99.2071608020845
19.3653290021671,-99.0022735001649
19.4366134313129,-99.17520377131251
19.3973145153547,-99.2094749082723
19.432502396146898,-99.0965778997377
19.3065342691174,-99.0532287869042
19.301310284476102,-99.14709955274749
19.3580492463421,-99.09990588156401
19.3681190970566,-99.1429014002631
19.337669203619498,-99.1945760012142
19.3341495989764,-99.12488440085541
19.361884985104698,-99.213435717782
19.3134285523728,-99.1322232917631
19.287900651882,-99.0595508053389
19.3628907914772,-99.0880343524784
19.4873328996336,-99.12361340058659
19.369278402909398,-99.2336903027816
19.2977263977422,-99.0750441996196
19.414459722538602,-99.1259877922302
19.2674620023765,-99.1218234001306
19.3598468988115,-99.0844382998185
19.493319896743103,-99.08056959981131
19.4293809056762,-99.1346616142448
19.252336198837302,-99.0251166997335
19.3220027734661,-99.2326157211512
19.4769785038138,-99.1103651003804
19.326564580573898,-99.27902111575528
19.3624163983961,-99.11192690062592
19.4593713924746,-99.1421421961953
19.4916261011667,-99.1792019010735
19.4205825997487,-99.1248628005093
19.4125274416563,-99.1419649056765
19.3488025663379,-99.22286008207442
19.2243113004965,-99.1190177006863
19.3273777505723,-99.2565163235609
19.4292107962765,-99.12175040014971
19.292279106722397,-99.11753097165209
19.292279106722397,-99.11753097165209
19.3108495979151,-99.26736780421508
19.306821406878,-99.0419563812454
19.336829683479,-99.2387989929623
19.3074593314375,-99.259702513533
19.4249944420362,-99.1338202405818
19.323425367431398,-99.14223909038401
19.5180671384823,-99.13447380012471
19.4637966152458,-99.1261561599847
19.3620910512997,-99.25387606139928
19.3874120969177,-99.06414895984959
19.4387394235468,-99.1549301105127
19.4530851647927,-99.2184556191783
19.442131369428697,-99.11302864993272
19.2867333538872,-99.03301095906349
19.3565598068509,-99.0710113564789
19.327165898543,-99.15171250075208
19.371126098141602,-99.14578190053909
19.434134179656397,-99.1408634404212
19.507953454748698,-99.20308561367241
19.4485713971873,-99.1279344525375
19.446363698589,-99.1892967009193
19.3292254037001,-99.1047634004029
19.356702999017898,-99.10765000017142
19.5204132798073,-99.13859575144129
19.5204132798073,-99.13859575144129
19.342412860722,-99.0102199573855
19.4085353973529,-99.0704434941448
19.3095905354936,-99.129709243881
19.3421699018285,-99.0101985004096
19.4839822517083,-99.2082302916522
19.459740832235898,-99.1834875879783
19.287908354063603,-99.0616951904163
19.3347585647782,-99.0281720136682
19.3988198593532,-99.11360800049592
19.426086885799197,-99.1473337525392
19.378971616737,-99.14518311225781
19.323155444626302,-99.0415807145503
19.4987215859367,-99.1553166397778
19.4214144341457,-99.1531209002376
19.329420401442,-99.038987500143
19.247636601986102,-99.12007410042222
19.4896699954933,-99.199521201207
19.3350726371,-99.14147297693908
19.3182185187427,-99.0584888504221
19.3858610255224,-99.11983109568969
19.310623295378498,-99.04485249971849
19.2531083959862,-99.03509749995492
19.4501593026932,-99.1213966004713
19.419374605340398,-99.1680989787017
19.258285176910103,-99.13115814008721
19.4364878134935,-99.10360783055641
19.4330825165837,-99.2098486454179
19.3568954205372,-99.1118658209323
19.2841902819098,-99.006564801472
19.450548872632698,-99.08584567271821
19.3851015007005,-99.21850000213051
19.4106614924511,-99.19201635159159
19.3834630887681,-99.23220992279329
19.397746658708503,-99.1532211007579
19.3966852600058,-99.1350967406523
19.461885410562502,-99.10687195066441
19.4038668353407,-99.1266130104907
19.3324885739064,-99.2492575929483
19.502460642612398,-99.21217650199
19.2924194477687,-99.0417684295495
19.356696630139602,-99.1319259301795
19.277494035956,-99.1854880810091
19.363025896330303,-99.1745442207315
19.4505991228217,-99.21304733186639
19.2969573789901,-99.12533250072799
19.4291339697773,-99.16219018087358
19.423515245347602,-99.0641194599353
19.3649411387113,-99.2045402614955
19.5553494707176,-99.1471564003118
19.4432948223968,-99.0922978501853
19.3022457673072,-99.04485618985291
19.5613699361888,-99.1338180004261
19.328302295753698,-99.13312063041509
19.447291315708398,-99.150284530705
19.4876603385657,-99.10345517017021
19.3091361856575,-99.1656558211383
19.350891387079802,-99.1250503106111
19.4446353175289,-99.1671488305645
19.3665138951593,-99.0981151205155
19.207826191889698,-99.065953995465
19.3314804647296,-99.1762541813603
19.3970710981399,-99.0711590003669
19.4478185620303,-99.1355357004042
19.264133082862,-99.1318921701608
19.452219397374602,-99.08522980005951
19.2273003001591,-99.1044411000805
19.440347804038502,-99.157306371212
19.319561724897397,-99.3331756603826
19.350667195343,-99.0120853997765
19.391123303126303,-99.1442854008983
19.3399433981096,-99.22814820235479
19.4237034970171,-99.17783460067741
19.370649763906698,-99.2189490823712
19.284637498374103,-99.20522540213409
19.4391491878134,-99.0779193606825
19.354130231589103,-99.14183441760271
19.3265237028286,-99.02037459968528
19.480533873448,-99.2064418539768
19.497178496986802,-99.09249859997941
19.2719250880928,-99.1595018020331
19.3855832943033,-99.0250080625148
19.35885102659,-99.09415968084059
19.35885102659,-99.09415968084059
19.3231550264837,-99.2549973310458
19.2388436051772,-99.00915177401409
19.3209938000044,-99.14870610028721
19.3246172746845,-99.10814090547841
19.342151958968802,-99.1979032889638
19.4922223814815,-99.0747827024906
19.357788740316998,-99.1017278069647
19.4616097945277,-99.1962526519907
19.2973093622405,-99.0680219998268
19.366612557839602,-99.0388773208502
19.471791700106102,-99.17015925019251
19.3730201518928,-99.22440041879508
19.458097661760398,-99.05663252033742
19.385143996130896,-99.03565499973509
19.3916889621914,-99.1060552466885
19.3894864039559,-99.13042200000861
19.2930868804499,-99.223854596562
19.2858710892329,-99.0383632708169
19.334304465905,-99.10255337835889
19.3553901957816,-99.08821320001671
19.388522284504102,-99.11719095452071
19.5191893412821,-99.1501877512805
19.3698624261052,-99.1174265616577
19.2505752001788,-99.0111659002568
19.481375896720397,-99.0839639155842
19.402704054999898,-99.17810529507629
19.4023068977373,-99.1663515005975
19.252433097623697,-99.09364580022259
19.3816236669081,-99.2219558646192
19.436067425837603,-99.14155948073191
19.3730770060589,-99.2277174199259
19.4311902670403,-99.10122579952329
19.5008244031744,-99.1942778012252
19.349600702128,-99.0135763997283
19.3437444000067,-99.1561883011526
19.3097862496357,-99.2199223204035
19.3937652086389,-99.08146026466471
19.3439088960768,-98.99384090035142
19.507558454116303,-99.1536601958001
19.3767490884601,-99.0638928300156
19.452007910274197,-99.20146294190391
19.3300799022012,-99.17041030121081
19.4554031257657,-99.1239202599993
19.2507158338901,-99.03579711969351
19.2798858315508,-99.1195849704505
19.335187555562698,-99.00453789403771
19.3933014675458,-99.0657457705245
19.3913167037522,-99.0398561509012
19.369935132407697,-99.04917575483549
19.4212588670533,-99.1597312709413
19.4550968700182,-99.06053848959179
19.4016887890001,-99.127247930194
19.417211139733,-99.1257450008226
19.3739815419638,-99.0287115600041
19.232520732040502,-99.22998961252121
19.314827793250302,-99.2262943121145
19.4464706037232,-99.1048927206787
19.382455703871898,-99.17001680069771
19.504564700735198,-99.1223838002942
19.3413174977198,-99.16730970135349
19.363570203099602,-99.11039960010599
19.385653099556897,-99.1186670005621
19.4271665753263,-99.1477216130018
19.494551887247802,-99.198352248377
19.402760501472198,-99.09765149974871
19.2786522029788,-99.0107524995343
19.1995796028064,-99.1475810909095
19.3272668983597,-99.25940460350661
19.4691724156711,-99.1374540574316
19.362817963677102,-99.0994869502775
19.4181564343275,-99.0942793914854
19.4764268505005,-99.2025266887844
19.3784962220646,-99.23751829061041
19.410633715834,-99.0608691999078
19.3816748689406,-99.08139892053579
19.3457921192408,-99.2280668985783
19.274044771304897,-99.20658419922708
19.315976222536897,-99.1044958388448
19.395764303698197,-99.1026778610821
19.2698384974817,-99.11772532965959
19.444238059352,-99.13380504061199
19.3842265903394,-99.11773485971581
19.4454201387783,-99.13267160892599
19.4237527413982,-99.18900079053721
19.331615560585398,-98.97640406985659
19.349417646434397,-99.1696136650971
19.3444685615487,-99.03654337079192
19.3919208171772,-99.1088782750498
19.2903011673801,-99.14838266755449
19.4821958561926,-99.0855371246834
19.2473448207659,-99.0788514834253
19.361370462337998,-99.1899834631253
19.4789077012367,-99.18155110100871
19.322213684877998,-99.1503084316211
19.307507499990102,-99.2306311023623
19.303524921856802,-99.159637545489
19.481393324805,-99.14411915785409
19.3433867764935,-99.15509680640899
19.4977913064117,-99.09967051511309
19.3919945377541,-99.08804104606571
19.3342288397316,-99.04863745159679
19.375252372609502,-99.1002475163341
19.3733553484805,-99.23746593301139
19.3759276914077,-99.20326654217779
19.382455703871898,-99.17001680069771
19.4871707045407,-99.0770492334702
19.377858157276602,-99.2335586591981
19.322567893254302,-99.26124161079491
19.3085329800983,-99.2331375034495
19.257439498891802,-99.03043930016891
19.352345897794798,-98.9887368242611
19.2506642851921,-99.0073579123361
19.4018364819949,-99.1130178004843
19.458640873538602,-99.14339958537121
19.359057397405,-99.21394649817292
19.3095004135958,-99.13510479073722
19.3376222969088,-98.9768521996467
19.4844579783325,-99.1461619707243
19.390954766534897,-99.0954123400444
19.4260172470077,-99.1330996505574
19.2417425002856,-99.13950850085291
19.3244227882178,-99.040831128393
19.4446892426102,-99.10299205098741
19.3639466964716,-99.1162669777693
19.2356278297902,-99.00790864598791
19.2951019022375,-99.0574908301474
19.3913716982557,-99.1465276950857
19.3328685953665,-99.1724771009938
19.425455900447897,-99.1592958011065
19.3486171978111,-99.22953160276991
19.3120016038331,-99.20660810143059
19.2544485433449,-99.0099719294237
19.3146843003189,-99.2238312027022
19.426239900826303,-99.11064950067221
19.393873499413,-99.07871780054572
19.395379569504602,-99.1475084541392
19.3599354042461,-99.1135578772422
19.4452483981337,-99.09343600064051
19.473875902492896,-99.06543397168899
19.365119029214398,-99.09734341382429
19.4838854033106,-99.11359029988479
19.3532913232924,-99.1419985383203
19.3479218983632,-99.20667744679791
19.3683677301543,-99.29095152244221
19.3382048956659,-99.22100950184921
19.4262382103831,-99.1623553371957
19.298427339234603,-99.2576291909018
19.5073755437375,-99.2072179917515
19.4385433066113,-99.1417741007094
19.414963990811103,-99.07329853085122
19.3698943452056,-99.1706286800926
19.4474541897897,-99.16138802858009
19.4152443463537,-99.08998634926908
19.4139002024176,-99.1387935001804
19.346766322845102,-99.22530502189021
19.3684562498801,-99.2904648322493
19.463825858261302,-99.1956917592186
19.4411745101505,-99.11457957919701
19.216664587969,-98.99795757838311
19.408175113663003,-99.1925442878718
19.394353900362898,-99.11569509999991
19.4960825012293,-99.2042445018076
19.333929300788103,-99.0388667001145
19.3942659411677,-99.2060766487479
19.460361256446898,-99.1246634546179
19.3789178015969,-99.21902639530408
19.484842297152397,-99.0733039998926
19.4070432655856,-99.08232353020641
19.4450034915264,-99.1451191507778
19.4410286002796,-99.1372472008426
19.263781639135,-99.23169673270691
19.3356717191445,-99.0304100099695
19.3137082434536,-99.32837340324059
19.428703007306,-99.1649828543578
19.3885474487606,-99.05048275310209
19.329927380596,-99.014185669868
19.256781502790602,-99.08115749392469
19.2594325515467,-99.00684543624659
19.437831417945198,-99.14192282667308
19.332247476712002,-99.074964648671
19.376549546891102,-99.0589321124083
19.4548547185949,-99.0818123005785
19.4305521220479,-99.1152435126907
19.365192547783998,-99.01111565391149
19.365192547783998,-99.01111565391149
19.3956921653242,-99.14532434675709
19.2234317999535,-99.087841300391
19.3523258012759,-99.0565499003594
19.216866771104602,-98.993284608001
19.4123712878759,-99.1127194269545
19.4809745019015,-99.0794315998967
19.4340486793297,-99.1631777399998
19.3779111455185,-99.2128620316014
19.3775068218786,-99.2850323252445
19.449290042753603,-99.08386946049299
19.304059300199498,-99.0478433998077
19.3239229021889,-99.2882606044629
19.3946681965562,-99.1121653000841
19.4497998031893,-99.1905001018442
19.5040710553886,-99.13098027364941
19.5451853615374,-99.143104425597
19.3915404767226,-99.0746466797686
19.394083102214,-99.09467552025231
19.2272322527412,-99.1987296920685
19.3401354787127,-99.0659020150523
19.427375204067896,-99.121710900008
19.4317255986087,-99.14975340072641
19.2428798050738,-99.09995617132161
19.445437682905,-99.1431423405986
19.2539170936961,-99.0971880112846
19.3730607693612,-99.2123457816332
19.480267832421,-99.15502206808691
19.499971039518,-99.0763424876828
19.4873328996336,-99.12361340058659
19.2811051290598,-99.197431874754
19.3896395914264,-99.09230525937099
19.2945250040695,-99.0362861003
19.346274430523398,-99.079757845553
19.415106707856697,-99.10455423815479
19.497473497648198,-99.1871161016623
19.4849385594942,-99.2143846768778
19.48655089631,-99.19319020148741
19.3420829973854,-99.05321590017022
19.2777421035528,-99.1837249013114
19.281431520378,-99.23160531222858
19.4352868026107,-99.0836472003695
19.380240767878803,-99.2434839259968
19.3615917996283,-99.14077250014999
19.4851101963366,-99.07231390022369
19.3589814397486,-99.1345506052095
19.3260745860528,-99.16774669733792
19.369955810179697,-99.1515722104813
19.4378694449606,-99.1761348796405
19.4708679658406,-99.1494760702524
19.3401941200675,-99.0668750901155
19.4590047413714,-99.116414402751
19.4380581038474,-99.1418702008213
19.4543520445968,-99.08655446515209
19.383580069139303,-99.10646036049299
19.426402710991002,-99.1043221385566
19.422271978137697,-99.0562427357514
19.184545434686,-99.0731903679121
19.423443499661502,-99.0634212997154
19.3884043349236,-99.15056634595051
19.4492251003416,-99.1371072778632
19.4300423960404,-99.0985902005222
19.4775037029959,-99.2020075019785
19.223581220513697,-99.117235509902
19.494126982299303,-99.1826391212367
19.3463245362385,-99.0120687799827
19.2998540535723,-99.0831541999481
19.487590795985803,-99.0968051999139
19.3604450668516,-99.2353697926918
19.487608302038698,-99.1199943000355
19.367089568611696,-99.2856435544936
19.2871851647248,-99.0326368587137
19.4241047629714,-99.1748339312482
19.3658840443359,-99.0017542678431
19.4580503178661,-99.1269757786724
19.4118238427905,-99.18985063842409
19.469257800137502,-99.16295861096079
19.4300454233008,-99.1140818607509
19.220314071264998,-98.97329101041771
19.486170842198398,-99.18215409164151
19.4465487001911,-99.19924590159941
19.4545038967517,-99.0529868998201
19.3392045629122,-99.15504603872792
19.278705421829,-99.1983801118997
19.3544683007557,-99.1247004999588
19.350031697276602,-99.0468123995895
19.3460294039817,-99.10250240036942
19.368003302190303,-99.14112890066731
19.4844665959771,-99.1954601015184
19.3301943028007,-98.9768475998637
19.3295556621308,-99.0214315224518
19.2724006353723,-99.007009111402
19.445875397094603,-99.1504734009568
19.4002391700584,-99.15574525971891
19.2518308087253,-99.1036179527638
19.3235326736432,-99.05052736030409
19.4737262413775,-99.15288792937321
19.3679191291518,-99.20441262202259
19.3000597735738,-99.0765797218116
19.2786940841914,-99.1124742187342
19.2069695969016,-99.0650568001585
19.1918880029424,-99.0215045999351
19.4922023951535,-99.08060680012821
19.347857403297898,-99.00495739977579
19.4242592632378,-99.1249785336706
19.187977240211197,-99.0744789606498
19.187977240211197,-99.0744789606498
19.3532088094697,-99.21920621738691
19.377897234032602,-99.06201056961001
19.3426876657973,-99.0248186801087
19.328088345215,-99.0263433269913
19.2954436071459,-99.0692584080253
19.3999541655713,-99.1372840985598
19.4718114305454,-99.0835534505389
19.270028797395803,-99.25005332317949
19.2685819395254,-99.20146750641459
19.398136002711198,-99.13905477380409
19.194204099384198,-99.0267076001297
19.446781183196197,-99.12777141053391
19.469026280266398,-99.1087305671964
19.4376655994581,-99.10821052867908
19.2864632285686,-99.00990640335041
19.5584218177699,-99.1254148027523
19.3232509994324,-99.16046150114059
19.3012812985737,-99.0213863004095
19.394613185189897,-99.1569493821566
19.460676119758602,-99.19107210367251
19.467552886423302,-99.12321304739278
19.4065803022017,-99.06464920014879
19.2464855963502,-98.9957158000209
19.3969966006754,-99.1544078005345
19.445450839120003,-99.1436137130355
19.394397393334,-99.130931694612
19.4439328023499,-99.15080900033958
19.357817800306197,-99.0543446996138
19.357817800306197,-99.0543446996138
19.445237448887898,-99.1796680428876
19.4259981973912,-99.0585821000884
19.2965974033142,-99.0081487000153
19.4316944963257,-99.115096298415
19.3997930194639,-99.14155308835952
19.3339846947232,-99.0765428998727
19.253638954413603,-99.11777630449629
19.3942106023182,-99.20829280179579
19.3440831752347,-99.21243328278679
19.402589661500002,-99.0638379495759
19.316631499028002,-99.1099325005715
19.5002866008174,-99.1802147014619
19.370300998375303,-99.07858572727172
19.4152370995707,-99.0694510003828
19.3134083010112,-99.1321964686292
19.334762803562697,-99.0142739996781
19.430680341712502,-99.12279875872031
19.353237702211302,-99.1615471356621
19.447308437963102,-99.11320455042879
19.323425367431398,-99.14223909038401
19.4952040964292,-99.0702894300251
19.378535837423,-99.0510112840769
19.2736182001796,-99.17038590095119
19.354701673347698,-99.3156342463366
19.3576516136987,-99.1051072189895
19.308216278647002,-99.1732429007959
19.4623157882191,-99.141459841036
19.3906224458058,-99.2080609303119
19.334638897972102,-98.99916192288299
19.367702522712896,-99.14459512030899
19.335048419457397,-99.02734391023078
19.3123258679066,-99.26705953361478
19.379715603315802,-99.1072139999598
19.516982598476698,-99.1359727009659
19.3975961974591,-99.0515695001024
19.3261483003395,-99.1657537008365
19.436147886747,-99.09847772727909
19.484881256816898,-99.21388618450528
19.3916630456818,-99.2077955063879
19.415185446695602,-99.1323609858911
19.3285339223853,-99.0405407929214
19.199121868154602,-99.05062806796771
19.208021597501,-99.1503814075935
19.4448572179401,-99.1451380809835
19.4496264988614,-99.14718524087941
19.456263318854198,-99.209602651745
19.361676766592602,-99.09543577567308
19.3236084007617,-99.0281917548069
19.470787027795,-99.17858310089659
19.2082616400104,-99.1576859858527
19.4564134618837,-99.1496527988544
19.4855764391875,-99.17793710072081
19.432286821602602,-99.1034666935948
19.4804713596716,-99.0987046108477
19.48655089631,-99.19319020148741
19.366932688903603,-99.2962530464427
19.271232048055197,-98.99623282709119
19.372859407482,-99.2081942892149
19.369098907362,-99.03260964976309
19.409245911931,-99.1219289305263
19.3681646225044,-99.026837995135
19.275263818823102,-99.11770277663271
19.4550529999488,-99.18700231775179
19.3638239145671,-99.0384312844006
19.3481492295192,-99.1278858819532
19.3866036903501,-99.113159294715
19.362579708539897,-99.0067626541961
19.362579708539897,-99.0067626541961
19.4905752986983,-99.1061172398677
19.344395469362198,-99.02795349189621
19.300048698448897,-99.05597829993799
19.3668281377726,-99.10347416880859
19.4846966831637,-99.1256561307605
19.3929502965272,-99.11106527063959
19.508391900839502,-99.20823750214991
19.496650695141398,-99.0869621001021
19.231257935165,-99.0010747962633
19.4615357418653,-99.10567045003721
19.497217341849503,-99.09356537063009
19.3834726226183,-99.19707688141149
19.4439383099918,-99.1093874403805
19.335898258033897,-99.0407395399345
19.3350579905003,-99.04042124978659
19.479574750953,-99.1827131216842
19.3286607093942,-99.16722526135608
19.401344716306102,-99.11476672077671
19.295510658995,-99.1624463307947
19.3134471604281,-99.0452510098103
19.3120357157042,-99.2264592722868
19.4195559410712,-99.1015295700535
19.4780756492731,-99.0951271399372
19.354081372111,-99.31616798664119
19.366165201092898,-99.2041951421385
19.350346031011398,-99.0955536105752
19.4471797010755,-99.1302198208745
19.3317826041054,-99.05422657998241
19.2361019485758,-99.0714900154779
19.4154814825684,-99.22557799226921
19.2649636862507,-99.16801465068019
19.2839157883428,-99.22615148213508
19.4995269822983,-99.20140693181992
19.475478815884102,-99.1625931913153
19.3043896130325,-99.24873964428672
19.448660712887897,-99.1424487412074
19.346803740126198,-99.22617801151371
19.341198554160897,-99.044422419784
19.435890991796,-99.0992615269248
19.408675701694698,-99.1246124005266
19.3968988978696,-99.07014540048071
19.3231550264837,-99.2549973310458
19.3953373032241,-99.21805160179449
19.4368792546023,-99.13913383256771
19.3802694316087,-99.1940026319194
19.5033575034603,-99.0963020005364
19.4805680987216,-99.1456948009712
19.370620860008,-99.0404249633111
19.2971400552448,-99.07527791856229
19.297387891304602,-98.99046566011879
19.426202120190197,-99.1623401583672
19.3876117976178,-99.05045480000379
19.345710898204,-99.17929320122299
19.3685942988665,-99.03316320031479
19.3262755416672,-99.0438901900288
19.4779459059564,-99.1797429133016
19.5281540022301,-99.15239760069309
19.3275677006783,-99.06077979984529
19.3262367374,-99.10061538528521
19.488275206308,-99.0948305575403
19.3179993638675,-99.0757099533285
19.387237702922803,-99.09672579974821
19.4157236354109,-99.0712574899959
19.4143390566631,-99.12351408260392
19.471426803166803,-99.1518516827095
19.4884330169798,-99.10787212202509
19.412151800524303,-99.0897329002959
19.5272199618314,-99.1477682548896
19.3422189985839,-99.01473630036199
19.5412533446126,-99.13429725111479
19.2756237690561,-99.1603970686257
19.4467815010122,-99.1837024016213
19.4186416954568,-99.15690480043259
19.3880783013337,-99.08268269977471
19.275049136344897,-99.1771802015066
19.3616519472412,-99.21423821877279
19.424942593593602,-99.1693144963661
19.469335400476503,-99.0861889005292
19.3569889765463,-99.0808616088912
19.3197704372038,-99.07326906264342
19.4505419012366,-99.1450598001589
19.445515102300302,-99.1054762000317
19.298580995467802,-99.22811960004391
19.4831473345854,-99.09861157996842
19.3344885983653,-99.1650789998007
19.441288602916103,-99.1690971004549
19.4881300945908,-99.10222540320851
19.3003604576362,-99.1480385500442
19.3246435002342,-99.0308443999749
19.321324398505002,-99.24051669978121
19.3323839019607,-99.0375831998208
19.343176442876302,-99.1957306671854
19.470938780020003,-99.1527939599643
19.4569110975384,-99.203853756337
19.2935746546216,-99.0195128890156
19.4098608191391,-99.0855288497193
19.4212991270448,-99.1176211594194
19.4237863022982,-99.06598069995121
19.4968355308578,-99.09736812014928
19.4583232478537,-99.11322713036051
19.420439961388897,-99.1783601000701
19.4664402470884,-99.1482512234304
19.389056999484104,-99.17575920009871
19.465986653929697,-99.10722256025551
19.215473637621397,-98.97360060077222
19.3602052624857,-99.0923916204574
19.4219995265942,-99.094755650433
19.4219995265942,-99.094755650433
19.420686397923998,-99.11022039980409
19.463881600492602,-99.15572877554459
19.324753697738,-99.0776711995467
19.3565740925081,-99.0952690070317
19.3456634953608,-99.1279753001454
19.3521832327522,-99.0827912288806
19.4304178543089,-99.1694616395458
19.328009404363602,-99.0641495716411
19.388238703391,-99.1504856996168
19.2817444007703,-99.0355079002981
19.3916954034635,-99.16762222011091
19.3991462685702,-99.1558167689204
19.2527015681836,-99.0766873315147
19.2345843013393,-99.1145964004541
19.2828689961597,-99.12025675043431
19.3692018459007,-99.2503913990176
19.2470244711578,-99.03843792469351
19.378080864734898,-99.22290802095979
19.4880110324796,-99.19252718364919
19.2968990177339,-99.0623036977303
19.522425569189302,-99.1368569395528
19.196524803214103,-99.029525858499
19.4851101965738,-99.0723139001471
19.3545426041978,-99.0160749999712
19.3083331518434,-99.2362960405247
19.3348408517833,-99.1792273371157
19.3553901960173,-99.08821319987709
19.37114820038,-99.2925899996068
19.434083600102998,-99.13714389972858
19.428643502796,-99.06813959986161
19.3354178967669,-99.11932969961659
19.2891653990662,-99.2255047995438
19.3376333996353,-99.10168110042281
19.3390539937757,-99.0651587529569
19.471700546516303,-99.0985833275613
19.288524903262697,-99.23960372967359
19.346534130147802,-98.9931435103335
19.4730152847247,-99.1491037755316
19.3083423330783,-99.3351592059976
19.403135879851998,-99.2052161703437
19.417895421239198,-99.1329559907577
19.334638896305698,-98.99881860046601
19.236644142351302,-99.1108227648525
19.3156586739593,-99.11106406708029
19.3068495481607,-99.25911113740271
19.3117452494375,-99.0400365702408
19.466607737883198,-99.1088426096379
19.371926423173896,-99.16084528029579
19.278944639884102,-98.99260650976049
19.273195507872398,-99.11942031976321
19.4572964742572,-99.17708337002381
19.3732849033867,-99.01704199971192
19.3230148780788,-99.0535367996641
19.5144476697367,-99.2048314520039
19.3625177711878,-99.1018087952763
19.1976787009833,-99.1219325004004
19.4003785007101,-99.13889170041278
19.353973104121,-99.0150552998122
19.319597760099303,-99.13666091979161
19.2350856361166,-99.1060142198145
19.3737874037622,-99.01374936024591
19.338147026205803,-99.1045911033343
19.3389250317808,-99.2188686696392
19.3322148986771,-99.17608858618429
19.3895967011035,-99.05507947417071
19.348253089398,-99.0402535004562
19.4873958655395,-99.1834804602755
19.3976518953632,-99.21595429965771
19.537862478837603,-99.1445099100482
19.383475502847602,-99.2146180997175
19.463881600492602,-99.15572877554459
19.3762561420446,-99.2876570473715
19.4002952976017,-99.09903200039308
19.4427365069152,-99.0818545595837
19.402954089395,-99.1699688993079
19.4179322654694,-99.1390876664218
19.2323024254512,-99.115750640361
19.4494468020917,-99.14063640043942
19.466927298413,-99.17619169966851
19.379236628490396,-99.2373226843158
19.388781519289104,-99.1682548799038
19.456315327289,-99.0673959375721
19.4153886341334,-99.0930391323222
19.4438718339345,-99.1077536301407
19.4172377057857,-99.16091224211391
19.381003062013,-99.1285216402454
19.3579533982587,-99.14130730025629
19.317971046896897,-99.0748634658901
19.279091098649303,-99.2114233999815
19.2588544891584,-99.16972494821329
19.400836798907896,-99.1186725999836
19.431176464141604,-99.14726291020729
19.4249837960603,-99.1476502996564
19.4191903008305,-99.1542683001577
19.3144515031433,-99.0577931998118
19.3425654686238,-99.22480378274159
19.457819339833698,-99.1303577300317
19.391907417866303,-99.0426829766202
19.2927594423831,-99.18206767121279
19.3342890581605,-99.11774852495441
19.2089153014878,-99.0012925436234
19.3426457538003,-99.0208236596353
19.308307983897,-99.1359619800613
19.484323241194602,-99.10613424982729
19.3763768078002,-99.1875365014954
19.3059437066308,-99.2396607624127
19.3059437066308,-99.2396607624127
19.2297118081218,-99.1648371204978
19.319372490085897,-99.15033862099821
19.411674062091897,-99.1914501817111
19.411674062091897,-99.1914501817111
19.5036616018232,-99.15726990077299
19.471221413633998,-99.1492311726668
19.5437154332285,-99.134255810289
19.5112002965484,-99.1001833001667
19.3208059540864,-99.0735223614011
19.3107025864789,-99.08079907988702
19.4971457627405,-99.0918983649727
19.2345082082196,-99.1189293712261
19.4983430422017,-99.2131130148094
19.444907537501898,-99.1386906476951
19.373572797968897,-99.13184060019009
19.5094345062782,-99.13606162977209
19.381915707487,-99.2422832240177
19.3058326021103,-99.2531307033503
19.3058326021103,-99.2531307033503
19.4360237021823,-99.15460970049651
19.4349328997943,-99.11153970062028
19.272843443406803,-99.188213928085
19.410741503325802,-99.13107298097721
19.365940499146,-99.0018905997789
19.424855579114197,-99.0968818078548
19.3223176746893,-99.24964090428699
19.4456984986302,-99.14951615892441
19.426721585504602,-99.07110726108169
19.3744312022157,-99.10015739988458
19.3919015991571,-99.10828079380241
19.3358902035415,-99.02177950008151
19.4959019412775,-99.0878144272298
19.4308508999136,-99.1248287006233
19.4161747579244,-99.1126435691155
19.4760711183098,-99.19416570419241
19.3234387927144,-99.25845509338949
19.216999824165896,-98.99122627487628
19.391308502472,-99.1021375005579
19.300194312224697,-99.14460189772551
19.4189765768388,-99.0707400405197
19.4319853513173,-99.09951662458799
19.426964891893803,-99.14340316944299
19.4668882036319,-99.0986660001964
19.2726580195537,-99.0003345699528
19.3359034580919,-99.1186322771885
19.485730157706698,-99.18317152650091
19.355869621814602,-99.2451326289535
19.346202601412603,-99.2290975021988
19.216995440812898,-98.9912225467301
19.3869225958401,-99.0923335002312
19.3853047238583,-99.229075963971
19.4787271375063,-99.18062982026649
19.3110757674091,-99.04325254565408
19.4625766392468,-99.11637042757299
19.209310629319397,-99.09799485991009
19.283394415593897,-99.03984009991649
19.321531637942396,-99.1179455803022
19.306675723749198,-99.24662590304109
19.4541096028027,-99.1356500173481
19.2971168023694,-99.07762989994569
19.493519298454498,-99.0674223999923
19.3601662018843,-99.28005250459792
19.2673549683291,-99.1283420508887
19.3842111453088,-99.09786405028929
19.2906772028908,-99.2468427134853
19.3740170272472,-99.0375689396781
19.539356901856,-99.13890034202811
19.4619845806188,-99.1320714408853
19.3794833482998,-99.06218635471691
19.341703025025698,-99.2772388268683
19.5637442998504,-99.1310363008737
19.391083630769803,-99.1248527388008
19.371039266483898,-99.289492128624
19.4546774960971,-99.16307810133779
19.2535014123939,-99.0627545436505
19.2235970732651,-98.99527727690969
19.3715336954255,-99.2198743021345
19.3973762836581,-99.1929146091461
19.381826205065103,-99.2397985139593
19.3608492772391,-99.0147207700375
19.3694056848197,-99.0760004795805
19.304059300199498,-99.0478433998077
19.4405724897945,-99.11019509271809
19.339817977566103,-99.09796912066271
19.30931884956,-99.0698440344188
19.3430123675146,-99.214727937416
19.322140119310397,-99.2879166327165
19.4150652010481,-99.138667500074
19.472191198269,-99.1336171008401
19.472239468092397,-99.13369998013019
19.3557895422553,-99.105737510352
19.394083102214,-99.09467552025231
19.485703996429898,-99.1056425006677
19.2428798050738,-99.09995617132161
19.2356601965292,-99.1184074007001
19.2170778617812,-98.9947417065297
19.3644926167937,-99.026001409995
19.284784109295103,-99.1704925996243
19.3254503649682,-99.25188178196909
19.4833057651752,-99.19391078889481
19.414362495792602,-99.1091373006649
19.2790910984093,-99.21142340190859
19.2790910984093,-99.21142340190859
19.474676297536302,-99.1852802010632
19.3416450954326,-99.06997389977872
19.4527922382775,-99.15865191477491
19.367461018633,-99.09765409356791
19.371561104040197,-99.2130980024267
19.3281381036844,-99.2249503025573
19.3877919020809,-99.12688529995899
19.1991194036049,-99.0513658999263
19.432502396146898,-99.0965778997377
19.4234813988048,-99.1310317002224
19.3913352410273,-99.210908881077
19.3248843544895,-99.16121921306481
19.453854756529104,-99.20416577184619
19.478521197327,-99.08613919985692
19.4455568312702,-99.09946837743419
19.3707074411541,-99.21519688881392
19.413599752384698,-99.116315111759
19.4807269124991,-99.18238739751752
19.4023855132423,-99.1023573898259
19.4211740161932,-99.0703189783534
19.324904501772398,-99.32235890663479
19.4542325853988,-99.12821539432508
19.322739033228398,-99.2882628816881
19.2209979939707,-98.97719387990391
19.4759789803405,-99.08042959953372
19.500109243636,-99.08254374279659
19.3242267068756,-99.1666492055904
19.5446893022182,-99.13369410022992
19.4093329020006,-99.12532018716871
19.419015527615603,-99.145079818747
19.194306101422,-99.1227762004111
19.4429973984255,-99.15650418541661
19.344394799350397,-99.0415588997971
19.439459101118,-99.14628630016291
19.4405490950851,-99.1333793009418
19.249292689874398,-99.06340450830228
19.5571820030504,-99.149494000491
19.441018697575604,-99.13950801819608
19.5118080391258,-99.20454473514809
19.2416364379328,-99.0544299391873
19.3532819319411,-99.14812851438109
19.3137455323691,-99.24432975634208
19.420968643146697,-99.0674386905015
19.3813192852455,-99.2286532783145
19.4887348833093,-99.1830886927769
19.353336648442102,-99.14835606453221
19.3689518969745,-99.14498830039891
19.332750021855,-99.16785278157971
19.1952046026415,-99.08529289985658
19.344813627822603,-99.00080100769149
19.3425740023683,-99.00944400002209
19.284204202359,-99.20748960185959
19.3764218966694,-99.21831430232679
19.4414894146048,-99.11628135648529
19.364779306703998,-99.15488137296049
19.320764516216897,-99.0877546413708
19.3298265171942,-99.0226580898552
19.3675867975964,-99.24382031311441
19.415737988571998,-99.14151527035759
19.316231435019102,-99.1114339443164
19.298086310218398,-99.23521355250129
19.2907072005758,-99.05432310011471
19.3472807417276,-99.230379762188
19.2771704128755,-99.1220957436491
19.3078882022925,-98.9643580002955
19.290662224189397,-99.1171715465453
19.194204099384198,-99.0267076001297
19.3341709711766,-99.17143511824351
19.3590982486174,-99.24551568700791
19.4953288959936,-99.0750064001503
19.4953288959936,-99.0750064001503
19.402334201703397,-99.11828620019881
19.3552378165243,-99.0190110058671
19.2759521460864,-99.18137781141441
19.451818700981,-99.1045025005221
19.548611459893802,-99.14237474603979
19.2352728006373,-99.1633133955022
19.278446538791602,-99.1461338331383
19.4305057992725,-99.16786210126179
19.3260950017062,-99.1641812005957
19.4972264969797,-99.0736444004135
19.4497369027711,-99.1840324014565
19.4081360037517,-99.1203779000312
19.4402082324124,-99.1266639307503
19.4294870967345,-99.1785094013344
19.4294870967345,-99.1785094013344
19.474334929179896,-99.0857929870494
19.4357243978076,-99.0927724006155
19.187977240211197,-99.0744789606498
19.3703394765127,-99.1994747419379
19.343872979963397,-99.0360564095715
19.3949345894013,-99.0987311306008
19.3431285294056,-98.99499841188108
19.312043817732302,-99.0802785808135
19.4681739790759,-99.06298475628401
19.258518602266896,-99.1707667008027
19.300048698448897,-99.05597829993799
19.3876283040923,-99.0914672006235
19.4019450997055,-99.1393790343082
19.3241171263914,-99.0275795926393
19.4402285026444,-99.12681961538941
19.4840331436567,-99.10262765137291
19.453003172321,-99.1005899964863
19.4495566983469,-99.18848830120159
19.3439183613665,-98.999264001767
19.3904992991925,-99.0648684868655
19.3050030977719,-99.0794287005765
19.4013104599032,-99.0750530574092
19.3220552458383,-99.09574091037409
19.295101898301102,-99.0378388999318
19.3571880196451,-99.01728344834879
19.482464796914503,-99.19025130093142
19.346647600572602,-99.27578640445721
19.4382915339219,-99.1334734632929
19.3300880996939,-99.16930365113991
19.3616766789955,-99.0638335366181
19.401872699987603,-99.1208208953784
19.446199002642,-99.1212296999098
19.3933391335685,-99.08160789716179
19.277797103386103,-99.220079901999
19.3112767992399,-99.06637540028271
19.3472687018364,-99.05909599995181
19.371407901557802,-99.2853965043639
19.4116331990692,-99.1610265006518
19.2920139374653,-99.0529947334022
19.2356794056588,-99.0929206074492
19.2946732009445,-99.05361039977129
19.308601203467397,-99.03867539990259
19.4153622845361,-99.0743803615643
19.4387394235468,-99.1549301105127
19.3978528008812,-99.20448190201509
19.3978528008812,-99.20448190201509
19.400817153599103,-99.12467784007342
19.494600079908,-99.2134214835277
19.453552696110002,-99.07358900047691
19.372469311152397,-99.22968261268709
19.336155543677197,-99.0688713874716
19.305287255842,-99.1608788105583
19.487102607686698,-99.19176027978581
19.3576010832087,-99.2282908676017
19.3787920629523,-99.0988854058979
19.2387272265928,-99.0014700621723
19.4209190006056,-99.1323322007715
19.485799095381697,-99.1201402006406
19.4942671956193,-99.0709535998336
19.4677270465077,-99.15943971216741
19.362369611413698,-99.2430780128445
19.2030674023746,-99.1469198004574
19.3957748456684,-99.10228507422029
19.3685836590458,-99.06810166974371
19.3168784029878,-99.08334410044901
19.4325614305551,-99.103048112866
19.4339676295305,-99.1035664023415
19.422600022563802,-99.13572046565321
19.2754913957951,-99.20841190199042
19.446883702459,-99.0619563005171
19.366487298581898,-99.02742190033631
19.4856475115043,-99.21041948982729
19.354692870806502,-99.0007096689878
19.456263318854198,-99.209602651745
19.418683580706602,-99.06465055233679
19.3689058801445,-99.08718154346171
19.4775011713356,-99.20199241401791
19.403828928379397,-99.1531139500162
19.318215747548102,-99.1585873314435
19.318215747548102,-99.1585873314435
19.4667854797837,-99.1586766493379
19.368310910661602,-99.2203111667758
19.2964262979493,-99.0692315004703
19.4473930959782,-99.1565642012105
19.4684441674545,-99.0815424283166
19.349667799802,-99.0087934004051
19.255359119833102,-99.0428386448534
19.360483292829198,-99.10278453165459
19.4195463326143,-99.0963739197922
19.3778593663448,-99.061695533176
19.3778593663448,-99.061695533176
19.3137364923246,-99.252777485448
19.295750934098603,-99.0584508570233
19.4425264521689,-99.1562822368787
19.3517415567301,-99.11744426237301
19.4782385410082,-99.20448190314379
19.4570170022885,-99.2052574018278
19.3216477968581,-99.3311888077
19.3050424579994,-99.0365047518532
19.3954265981764,-99.1004782997988
19.401015097112502,-99.1726190014603
19.402980099860002,-99.191721501651
19.352856540897697,-99.1452727310282
19.4625757261634,-99.1155089100762
19.368612299892302,-99.0990594002079
19.4704218024919,-99.1472200009671
19.312556895934502,-99.3290509069334
19.3282800013119,-99.0865641997464
19.327841348845197,-99.0372124099551
19.3870783301186,-99.1055824098875
19.4303675038643,-99.1495083407889
19.478468775984897,-99.10680413045391
19.3059294724288,-99.18624222105129
19.2734152288334,-99.15499315105178
19.395719772019103,-99.2515747828393
19.4086048899468,-99.1339800337866
19.421370169213603,-99.16364014126509
19.4642341166504,-99.1513513808856
19.4748287620444,-99.21656951210251
19.2855380892377,-99.1626512004693
19.475504818554803,-99.2193831418634
19.4184911400354,-99.1199192400239
19.3536257721033,-99.23622318273242
19.346043543882303,-98.9953442200281
19.3102011186525,-99.05268218027142
19.383872511182197,-99.1971866183803
19.2856323665316,-99.1783306185845
19.4385074948918,-99.1524187812203
19.3698540374166,-99.07281115991579
19.374333545966802,-99.27463393257808
19.3943693891238,-99.05907656241101
19.272479175399102,-99.1318099168683
19.3578104039949,-99.23261930249349
19.472066462478303,-99.17887224630421
19.3874643704128,-99.1920870818161
19.3918332997814,-99.09316360043051
19.252419274717898,-99.09618086304609
19.3404028897371,-99.2001602114249
19.408544320596,-99.1031341572991
19.4374074207617,-99.1172783215303
19.3578251029472,-99.2413391025239
19.478521197327,-99.08613919985692
19.4668366831968,-99.09922755169701
19.340964195933303,-99.02006609971741
19.2167662314223,-99.12428127859991
19.320555498872302,-99.0392722002504
19.4588567962066,-99.1939839016098
19.412082088041803,-99.06072217841091
19.3625415565262,-99.2241203824308
19.4765564015328,-99.2093771714864
19.3206014163899,-99.10531493343879
19.4313686935139,-99.1775870970818
19.3346878003623,-99.07486780029379
19.4442638582328,-99.1473835008373
19.452354800345898,-99.05506860009442
19.4793595027038,-99.21740430176071
19.403298467449897,-99.18693781135781
19.384164656282998,-99.04182223671991
19.4686712979732,-99.063500759599
19.215017599259898,-99.2109882819401
19.4326077041016,-99.1332080002711
19.446330572321898,-99.1161795981221
19.3943316863189,-99.07125413010141
19.399780903061103,-99.1471716604957
19.399780903061103,-99.1471716604957
19.3807787316279,-99.09457026462358
19.4266753020122,-99.1694606010637
19.3724086801436,-99.2062198355941
19.3991155373186,-99.16578335762259
19.2736545483552,-99.11354274695921
19.3863927984524,-99.22556250226059
19.432826379142803,-99.17060554226471
19.3913316230635,-99.0900755042581
19.468759634174102,-99.1187307661395
19.3109425017048,-99.1625881007653
19.4084168180731,-99.1342091601313
19.393242424492602,-99.1795287880343
19.382225825101898,-99.12002876059229
19.4437653016069,-99.0989336540996
19.324655600232802,-99.03311670019859
19.4180034022778,-99.0685382000396
19.3964404765837,-99.1097123199511
19.444783683920697,-99.0972057532662
19.4747318230206,-99.130320830142
19.3099771990074,-99.0696214999073
19.352535749805103,-99.0501880173987
19.4471536183028,-99.1554612702235
19.413516700316602,-99.1791982013316
19.273145478336502,-99.1836324133255
19.2542224335354,-99.07043516961241
19.318256318158603,-99.1586682208519
19.329285789802803,-99.0309271534634
19.3970447175798,-99.18167520954121
19.2977404445476,-99.0753667699324
19.4026399944483,-99.17711101564409
19.4148076373753,-99.15078540541651
19.3565795903372,-99.2604464332786
19.4671873012874,-99.09986700002241
19.445192496969103,-99.1415605001985
19.277687924730397,-99.18270598278829
19.388502660579697,-99.21546360006849
19.4809133726772,-99.0787937017778
19.4330320195495,-99.1265789308284
19.4052129162106,-99.16381700184691
19.3836128025699,-99.16483010046949
19.4546703964082,-99.13833251205419
19.3658857646582,-99.1905354257127
19.345799035675302,-99.1808512902318
19.3000278990488,-99.2004785014043
19.3115869008297,-99.1539178007755
19.357389416133,-99.0365939601393
19.3292664706314,-99.035151819593
19.483961815963,-99.0972837450719
19.4178856249735,-99.1610821233347
19.4526824756075,-99.1233022903413
19.4856042056098,-99.08535343653558
19.3482202108112,-99.2706152625198
19.382817201234,-99.0955941999304
19.3071621867697,-99.0836651607258
19.4043947005032,-99.18153860120441
19.493443403081397,-99.1803575013976
19.3935612182898,-99.1078807946272
19.267705006974,-99.11551930059929
19.458640873538602,-99.14339958537121
19.396017300135103,-99.104945399909
19.393869300995103,-99.1524661010338
19.3199307490919,-99.1603212565207
19.249231270878397,-99.017961736784
19.395282339867602,-99.1063814603714
19.358587854550102,-99.09194120408121
19.3949420480795,-99.09351155001231
19.208799058484896,-99.04201704662849
19.421005878491897,-99.12751503841992
19.478097136668197,-99.20215439728001
19.4463601936424,-99.15331843527831
19.381297085737,-99.0943408459667
19.359849864426998,-99.0402826960794
19.4534186005615,-99.10504489977801
19.3392857519285,-99.0855818707177
19.396033746419803,-99.1051358369269
19.4180510964945,-99.1419724002674
19.460566603374698,-99.1342772008724
19.356093966732498,-99.111521992466
19.4231824981754,-99.05662913028509
19.3793500454437,-99.2318627196512
19.3940864981315,-99.1108761000325
19.322342550608802,-99.24922732082831
19.4923170101605,-99.1331186624148
19.416751797143103,-99.0630416001323
19.3553901957816,-99.08821320001671
19.3336388018182,-98.99851620000808
19.3352901022012,-99.0352579996996
19.3207421502556,-99.1513161899693
19.2105650964293,-98.98233569953399
19.3104684015637,-99.09030220003021
19.368730797006897,-99.2355918028574
19.415509062176,-99.1216171242417
19.4586557112465,-99.20308640180849
19.2494655023591,-99.18852080131599
19.4245089074694,-99.10221122343691
19.4976164899331,-99.07858289047279
19.4609326469443,-99.196636114575
19.3973447653273,-99.0631849395693
19.3755368017765,-99.16651276764341
19.357660700379697,-99.13335770063591
19.4605400020858,-99.1044398004459
19.325402242352,-99.0405764243219
19.2456251018222,-99.077611300249
19.4372505973542,-99.08038600034772
19.4264083118275,-99.1733129651031
19.4646779986263,-99.17003670081742
19.3137799926174,-99.0943384158461
19.4794226097448,-99.1644633859931
19.2677916307473,-99.1123431316796
19.2891713679718,-99.0306065196451
19.4664707038131,-99.06382120010291
19.2742823054427,-99.17283854971029
19.5063937803793,-99.1300018691412
19.309221855474398,-99.04066820633881
19.309221855474398,-99.04066820633881
19.4823252968741,-99.18575199971659
19.298158802695802,-99.1282555000381
19.3764926800669,-99.0522296314032
19.2186451421601,-98.99124216011292
19.3105338746541,-99.1526516191859
19.4659321581069,-99.18895170503531
19.364635452863602,-99.25999998824409
